{
    "entities": [
        {
            "id": "E1",
            "name": "MEDIASET S.p.A."
        },
        {
            "id": "E2",
            "name": "FININVEST S.p.A."
        },
        {
            "id": "E3",
            "name": "HOLDING ITALIANA TERZA S.p.A."
        },
        {
            "id": "E4",
            "name": "HOLDING ITALIANA SECONDA S.p.A."
        },
        {
            "id": "E5",
            "name": "HOLDING ITALIANA PRIMA S.p.A."
        },
        {
            "id": "E6",
            "name": "MR SILVIO BERLUSCONI"
        }
    ],
    "relationships": [
        {
            "from": "MR SILVIO BERLUSCONI",
            "to": "HOLDING ITALIANA PRIMA S.p.A.",
            "percentage": "33.3%"
        },
        {
            "from": "MR SILVIO BERLUSCONI",
            "to": "HOLDING ITALIANA SECONDA S.p.A.",
            "percentage": null
        },
        {
            "from": "MR SILVIO BERLUSCONI",
            "to": "HOLDING ITALIANA TERZA S.p.A.",
            "percentage": null
        },
        {
            "from": "HOLDING ITALIANA PRIMA S.p.A.",
            "to": "FININVEST S.p.A.",
            "percentage": "100%"
        },
        {
            "from": "HOLDING ITALIANA SECONDA S.p.A.",
            "to": "FININVEST S.p.A.",
            "percentage": "40%"
        },
        {
            "from": "HOLDING ITALIANA TERZA S.p.A.",
            "to": "FININVEST S.p.A.",
            "percentage": "100%"
        },
        {
            "from": "FININVEST S.p.A.",
            "to": "MEDIASET S.p.A.",
            "percentage": null
        }
    ]
}