{
    "entities": [
        {
            "id": "E1",
            "name": "BritLink Governanceust Trust"
        },
        {
            "id": "E2",
            "name": "Thames GP Ltd UK"
        },
        {
            "id": "E4",
            "name": "Crestt Trustees (Jersey)"
        },
        {
            "id": "E5",
            "name": "William Chen CK"
        },
        {
            "id": "E6",
            "name": "Emma Clarke UK"
        },
        {
            "id": "E7",
            "name": "BritL ink Services ltd"
        },
        {
            "id": "E8",
            "name": "Crest Trustees Jersey UK"
        },
        {
            "id": "E9",
            "name": "Thames Ventures SPV Ltd"
        },
        {
            "id": "E10",
            "name": "NorthSea Investments LLP"
        },
        {
            "id": "E11",
            "name": "Andromeda SPC Cayman Islands"
        },
        {
            "id": "E12",
            "name": "Hans Miller"
        },
        {
            "id": "E13",
            "name": "Odin Investms GmbH"
        },
        {
            "id": "E14",
            "name": "Marianne Dupont"
        },
        {
            "id": "E15",
            "name": "Eurocapa, S.A. Luxungo"
        }
    ],
    "relationships": [
        {
            "from": "Eurocapa, S.A. Luxungo",
            "to": "NorthSea Investments LLP",
            "percentage": "22.0%"
        },
        {
            "from": "Marianne Dupont",
            "to": "NorthSea Investments LLP",
            "percentage": "22.0%"
        },
        {
            "from": "Odin Investms GmbH",
            "to": "Thames Ventures SPV Ltd",
            "percentage": "5O%"
        },
        {
            "from": "Hans Miller",
            "to": "Thames GP Ltd UK",
            "percentage": "18.0 %"
        },
        {
            "from": "Thames Ventures SPV Ltd",
            "to": "Thames GP Ltd UK",
            "percentage": "10%"
        },
        {
            "from": "Crest Trustees Jersey UK",
            "to": "Emma Clarke UK",
            "percentage": "11%"
        },
        {
            "from": "Andromeda SPC Cayman Islands",
            "to": "BritL ink Services ltd",
            "percentage": "30%"
        },
        {
            "from": "NorthSea Investments LLP",
            "to": "BritL ink Services ltd",
            "percentage": null
        },
        {
            "from": "BritL ink Services ltd",
            "to": "William Chen CK",
            "percentage": null
        },
        {
            "from": "William Chen CK",
            "to": "Lothian Capital Ltd UK",
            "percentage": null
        },
        {
            "from": "Thames GP Ltd UK",
            "to": "Crest Trustees (Jersey)",
            "percentage": null
        },
        {
            "from": "Emma Clarke UK",
            "to": "Crest Trustees (Jersey)",
            "percentage": null
        },
        {
            "from": "William Chen CK",
            "to": "BritLink Governanceust Trust",
            "percentage": null
        },
        {
            "from": "Crest Trustees (Jersey)",
            "to": "BritLink Governanceust Trust",
            "percentage": null
        },
        {
            "from": "Thames GP Ltd UK",
            "to": "BritL ink Services ltd",
            "percentage": "18.0%"
        }
    ]
}