{
    "entities": [
        {
            "id": "E1",
            "name": "Windrilll Group Ltd"
        },
        {
            "id": "E2",
            "name": "Director"
        },
        {
            "id": "E3",
            "name": "Pack Dynamics Ltd"
        },
        {
            "id": "E4",
            "name": "HR Indiestial FlyLtf"
        },
        {
            "id": "E5",
            "name": "DCS Headage Ltd"
        },
        {
            "id": "E6",
            "name": "BCW Pumpulse Ltd"
        },
        {
            "id": "E7",
            "name": "Pumps Direct Ltd"
        },
        {
            "id": "E8",
            "name": "BCW Ltd"
        },
        {
            "id": "E9",
            "name": "Allantic Enginee & Prop."
        },
        {
            "id": "E10",
            "name": "Allantic: Group"
        },
        {
            "id": "E11",
            "name": "Hytrosory Group"
        },
        {
            "id": "E12",
            "name": "Purgny Group Pry"
        },
        {
            "id": "E13",
            "name": "HPumps Pry Rial"
        },
        {
            "id": "E14",
            "name": "Pack Dynamics Ltd"
        },
        {
            "id": "E15",
            "name": "Dackell Group Ltd"
        },
        {
            "id": "E16",
            "name": "Backell Engaide Grop"
        },
        {
            "id": "E17",
            "name": "AWW Flor Biter Lur"
        },
        {
            "id": "E18",
            "name": "Allantic: Pump & Geran"
        },
        {
            "id": "E19",
            "name": "Allantic Green Design Dg."
        },
        {
            "id": "E20",
            "name": "Allantic: Flunts"
        },
        {
            "id": "E21",
            "name": "Allantic: Bacoua BV"
        },
        {
            "id": "E22",
            "name": "Allantic: Pumps Bene BV."
        },
        {
            "id": "E23",
            "name": "Pump Su plus OS"
        },
        {
            "id": "E24",
            "name": "Enimei: Ween Dealon"
        },
        {
            "id": "E25",
            "name": "Allantic Green ABS"
        },
        {
            "id": "E26",
            "name": "Magdalon Alvico"
        },
        {
            "id": "E27",
            "name": "Setwood Hovco"
        },
        {
            "id": "E28",
            "name": "Workdry Enteprise Hanpaline Sprie & Access"
        },
        {
            "id": "E29",
            "name": "Magdalon Hspico"
        },
        {
            "id": "E30",
            "name": "Workdry llowre"
        },
        {
            "id": "E31",
            "name": "Workdry Enterprise"
        },
        {
            "id": "E32",
            "name": "AFIF"
        },
        {
            "id": "E33",
            "name": "Workdry Enterprise"
        },
        {
            "id": "E34",
            "name": "GP"
        },
        {
            "id": "E35",
            "name": "GP"
        },
        {
            "id": "E36",
            "name": "Workdry"
        }
    ],
    "relationships": [
        {
            "from": "Workdry",
            "to": "Workdry Enterprise",
            "type": "ownership",
            "percentage": null
        },
        {
            "from": "GP",
            "to": "Workdry Enterprise",
            "type": "ownership",
            "percentage": 100.0
        },
        {
            "from": "Workdry Enterprise",
            "to": "Workdry Enterprise",
            "type": "ownership",
            "percentage": null
        },
        {
            "from": "AFIF",
            "to": "Workdry Enterprise",
            "type": "ownership",
            "percentage": null
        },
        {
            "from": "Workdry Enterprise",
            "to": "Workdry llowre",
            "type": "ownership",
            "percentage": null
        },
        {
            "from": "Workdry llowre",
            "to": "Magdalon Hspico",
            "type": "ownership",
            "percentage": null
        },
        {
            "from": "Workdry llowre",
            "to": "Workdry Enteprise Hanpaline Sprie & Access",
            "type": "ownership",
            "percentage": null
        },
        {
            "from": "Workdry Enteprise Hanpaline Sprie & Access",
            "to": "Setwood Hovco",
            "type": "ownership",
            "percentage": null
        },
        {
            "from": "Workdry Enteprise Hanpaline Sprie & Access",
            "to": "Magdalon Alvico",
            "type": "ownership",
            "percentage": null
        },
        {
            "from": "Magdalon Alvico",
            "to": "Enimei: Ween Dealon",
            "type": "ownership",
            "percentage": null
        },
        {
            "from": "Magdalon Alvico",
            "to": "Pump Su plus OS",
            "type": "ownership",
            "percentage": null
        },
        {
            "from": "Allantic Green ABS",
            "to": "Allantic: Bacoua BV",
            "type": "ownership",
            "percentage": null
        },
        {
            "from": "Allantic Green ABS",
            "to": "Allantic: Flunts",
            "type": "ownership",
            "percentage": null
        },
        {
            "from": "Enimei: Ween Dealon",
            "to": "Allantic: Flunts",
            "type": "ownership",
            "percentage": null
        },
        {
            "from": "Enimei: Ween Dealon",
            "to": "Allantic Green Design Dg.",
            "type": "ownership",
            "percentage": null
        },
        {
            "from": "Pump Su plus OS",
            "to": "Allantic: Pump & Geran",
            "type": "ownership",
            "percentage": null
        },
        {
            "from": "Allantic: Pumps Bene BV.",
            "to": "Dackell Group Ltd",
            "type": "ownership",
            "percentage": null
        },
        {
            "from": "Dackell Group Ltd",
            "to": "Pack Dynamics Ltd",
            "type": "ownership",
            "percentage": null
        },
        {
            "from": "Dackell Group Ltd",
            "to": "HPumps Pry Rial",
            "type": "ownership",
            "percentage": null
        },
        {
            "from": "Pack Dynamics Ltd",
            "to": "Purgny Group Pry",
            "type": "ownership",
            "percentage": null
        },
        {
            "from": "Purgny Group Pry",
            "to": "Windrilll Group Ltd",
            "type": "ownership",
            "percentage": null
        },
        {
            "from": "Allantic: Pump & Geran",
            "to": "AWW Flor Biter Lur",
            "type": "ownership",
            "percentage": null
        },
        {
            "from": "HPumps Pry Rial",
            "to": "Backell Engaide Grop",
            "type": "ownership",
            "percentage": null
        },
        {
            "from": "Allantic: Bacoua BV",
            "to": "Hytrosory Group",
            "type": "ownership",
            "percentage": null
        },
        {
            "from": "Allantic: Bacoua BV",
            "to": "Allantic: Group",
            "type": "ownership",
            "percentage": null
        },
        {
            "from": "Allantic: Bacoua BV",
            "to": "Pumps Direct Ltd",
            "type": "ownership",
            "percentage": null
        },
        {
            "from": "Allantic: Pump & Geran",
            "to": "BCW Pumpulse Ltd",
            "type": "ownership",
            "percentage": null
        },
        {
            "from": "Enimei: Ween Dealon",
            "to": "DCS Headage Ltd",
            "type": "ownership",
            "percentage": null
        },
        {
            "from": "Allantic: Pump & Geran",
            "to": "DCS Headage Ltd",
            "type": "ownership",
            "percentage": null
        },
        {
            "from": "Enimei: Ween Dealon",
            "to": "HR Indiestial FlyLtf",
            "type": "ownership",
            "percentage": null
        },
        {
            "from": "Allantic: Pump & Geran",
            "to": "HR Indiestial FlyLtf",
            "type": "ownership",
            "percentage": null
        },
        {
            "from": "Allantic: Pump & Geran",
            "to": "Pack Dynamics Ltd",
            "type": "ownership",
            "percentage": null
        },
        {
            "from": "Workdry Enterprise",
            "to": "GP",
            "type": "ownership",
            "percentage": 100.0
        }
    ]
}