{
  "Nodes": [
    {
      "ROOT_BVD_ID_NUMBER": "1",
      "ROOT_NAME": "Eurocapa, S.A. Luxungo"
    },
    {
      "ROOT_BVD_ID_NUMBER": "2",
      "ROOT_NAME": "Marianne Dupont 60%"
    },
    {
      "ROOT_BVD_ID_NUMBER": "3",
      "ROOT_NAME": "Odin Investms GmbH"
    },
    {
      "ROOT_BVD_ID_NUMBER": "4",
      "ROOT_NAME": "Hans M\u00fcller 55%"
    },
    {
      "ROOT_BVD_ID_NUMBER": "5",
      "ROOT_NAME": "Andromeda SPC Cayman Islands"
    },
    {
      "ROOT_BVD_ID_NUMBER": "6",
      "ROOT_NAME": "NorthSea Investments LLP"
    },
    {
      "ROOT_BVD_ID_NUMBER": "7",
      "ROOT_NAME": "BritLink Services Ltd"
    },
    {
      "ROOT_BVD_ID_NUMBER": "8",
      "ROOT_NAME": "Thames Ventures SPV Ltd"
    },
    {
      "ROOT_BVD_ID_NUMBER": "9",
      "ROOT_NAME": "Thames GP Ltd UK"
    },
    {
      "ROOT_BVD_ID_NUMBER": "10",
      "ROOT_NAME": "Lothian Capital Ltd UK"
    },
    {
      "ROOT_BVD_ID_NUMBER": "11",
      "ROOT_NAME": "William Chen CK"
    },
    {
      "ROOT_BVD_ID_NUMBER": "12",
      "ROOT_NAME": "Crest Trustees Jersey UK"
    },
    {
      "ROOT_BVD_ID_NUMBER": "13",
      "ROOT_NAME": "Emma Clarke UK"
    },
    {
      "ROOT_BVD_ID_NUMBER": "14",
      "ROOT_NAME": "Crest Trustees (Jersey)"
    },
    {
      "ROOT_BVD_ID_NUMBER": "15",
      "ROOT_NAME": "BritLink Governanceust Trust"
    }
  ],
  "Edges": [
    {
      "ParentBvDID": "Eurocapa, S.A. Luxungo",
      "ChildBvDID": "NorthSea Investments LLP",
      "DirectPercentage": "30%"
    },
    {
      "ParentBvDID": "Marianne Dupont 60%",
      "ChildBvDID": "NorthSea Investments LLP",
      "DirectPercentage": "22%"
    },
    {
      "ParentBvDID": "Odin Investms GmbH",
      "ChildBvDID": "Thames Ventures SPV Ltd",
      "DirectPercentage": "50%"
    },
    {
      "ParentBvDID": "Hans M\u00fcller 55%",
      "ChildBvDID": "Thames Ventures SPV Ltd",
      "DirectPercentage": "18%"
    },
    {
      "ParentBvDID": "Andromeda SPC Cayman Islands",
      "ChildBvDID": "BritLink Services Ltd",
      "DirectPercentage": "30%"
    },
    {
      "ParentBvDID": "NorthSea Investments LLP",
      "ChildBvDID": "BritLink Services Ltd",
      "DirectPercentage": "22%"
    },
    {
      "ParentBvDID": "BritLink Services Ltd",
      "ChildBvDID": "Thames GP Ltd UK",
      "DirectPercentage": "18%"
    },
    {
      "ParentBvDID": "Thames Ventures SPV Ltd",
      "ChildBvDID": "Thames GP Ltd UK",
      "DirectPercentage": "15%"
    },
    {
      "ParentBvDID": "BritLink Services Ltd",
      "ChildBvDID": "Lothian Capital Ltd UK",
      "DirectPercentage": "22%"
    },
    {
      "ParentBvDID": "BritLink Services Ltd",
      "ChildBvDID": "William Chen CK",
      "DirectPercentage": "22%"
    },
    {
      "ParentBvDID": "Thames GP Ltd UK",
      "ChildBvDID": "Crest Trustees Jersey UK",
      "DirectPercentage": "Control"
    },
    {
      "ParentBvDID": "Crest Trustees Jersey UK",
      "ChildBvDID": "Emma Clarke UK",
      "DirectPercentage": "Control"
    },
    {
      "ParentBvDID": "Crest Trustees Jersey UK",
      "ChildBvDID": "Crest Trustees (Jersey)",
      "DirectPercentage": "Golden"
    },
    {
      "ParentBvDID": "Crest Trustees (Jersey)",
      "ChildBvDID": "BritLink Governanceust Trust",
      "DirectPercentage": "Golden"
    }
  ],
  "Summary": {
    "Total_Nodes": 15,
    "Total_Edges": 14
  }
}