{
  "Nodes": [
    {
      "ROOT_BVD_ID_NUMBER": "1",
      "ROOT_NAME": "MR SILVIO BERLUSCONI"
    },
    {
      "ROOT_BVD_ID_NUMBER": "2",
      "ROOT_NAME": "HOLDING ITALIANA PRIMA S.p.A."
    },
    {
      "ROOT_BVD_ID_NUMBER": "3",
      "ROOT_NAME": "HOLDING ITALIANA SECONDA S.p.A."
    },
    {
      "ROOT_BVD_ID_NUMBER": "4",
      "ROOT_NAME": "HOLDING ITALIANA TERZA S.p.A."
    },
    {
      "ROOT_BVD_ID_NUMBER": "5",
      "ROOT_NAME": "FININVEST S.p.A."
    },
    {
      "ROOT_BVD_ID_NUMBER": "6",
      "ROOT_NAME": "MEDIASET S.p.A."
    }
  ],
  "Edges": [
    {
      "ParentBvDID": "MR SILVIO BERLUSCONI",
      "ChildBvDID": "HOLDING ITALIANA PRIMA S.p.A.",
      "DirectPercentage": "33.3%"
    },
    {
      "ParentBvDID": "MR SILVIO BERLUSCONI",
      "ChildBvDID": "HOLDING ITALIANA SECONDA S.p.A.",
      "DirectPercentage": "33.3%"
    },
    {
      "ParentBvDID": "MR SILVIO BERLUSCONI",
      "ChildBvDID": "HOLDING ITALIANA TERZA S.p.A.",
      "DirectPercentage": "33.3%"
    },
    {
      "ParentBvDID": "HOLDING ITALIANA PRIMA S.p.A.",
      "ChildBvDID": "FININVEST S.p.A.",
      "DirectPercentage": "\u2248 20%"
    },
    {
      "ParentBvDID": "HOLDING ITALIANA SECONDA S.p.A.",
      "ChildBvDID": "FININVEST S.p.A.",
      "DirectPercentage": "\u2248 40%"
    },
    {
      "ParentBvDID": "HOLDING ITALIANA TERZA S.p.A.",
      "ChildBvDID": "FININVEST S.p.A.",
      "DirectPercentage": "\u2248 100%"
    },
    {
      "ParentBvDID": "FININVEST S.p.A.",
      "ChildBvDID": "MEDIASET S.p.A.",
      "DirectPercentage": "\u2248 100%"
    }
  ],
  "Summary": {
    "Total_Nodes": 6,
    "Total_Edges": 7
  }
}