{
  "Nodes": [
    {
      "ROOT_BVD_ID_NUMBER": "1",
      "ROOT_NAME": "GP"
    },
    {
      "ROOT_BVD_ID_NUMBER": "2",
      "ROOT_NAME": "Workdry"
    },
    {
      "ROOT_BVD_ID_NUMBER": "3",
      "ROOT_NAME": "Workdry Enterprise"
    },
    {
      "ROOT_BVD_ID_NUMBER": "4",
      "ROOT_NAME": "AFIF"
    },
    {
      "ROOT_BVD_ID_NUMBER": "5",
      "ROOT_NAME": "Magdalon Hspico"
    },
    {
      "ROOT_BVD_ID_NUMBER": "6",
      "ROOT_NAME": "Workdry Ilowre"
    },
    {
      "ROOT_BVD_ID_NUMBER": "7",
      "ROOT_NAME": "Hanapline Sprie & Access"
    },
    {
      "ROOT_BVD_ID_NUMBER": "8",
      "ROOT_NAME": "Setwood Hovco"
    },
    {
      "ROOT_BVD_ID_NUMBER": "9",
      "ROOT_NAME": "Magdalon Alvico"
    },
    {
      "ROOT_BVD_ID_NUMBER": "10",
      "ROOT_NAME": "Atlantic Green ABS"
    },
    {
      "ROOT_BVD_ID_NUMBER": "11",
      "ROOT_NAME": "Enimei: Ween Dealon"
    },
    {
      "ROOT_BVD_ID_NUMBER": "12",
      "ROOT_NAME": "Pump Su plus OS"
    },
    {
      "ROOT_BVD_ID_NUMBER": "13",
      "ROOT_NAME": "Atlantic Pumps Bene BV"
    },
    {
      "ROOT_BVD_ID_NUMBER": "14",
      "ROOT_NAME": "Atlantic: Bacoua BV"
    },
    {
      "ROOT_BVD_ID_NUMBER": "15",
      "ROOT_NAME": "Atlantic: Flunts"
    },
    {
      "ROOT_BVD_ID_NUMBER": "16",
      "ROOT_NAME": "Atlantic Green Design Dg."
    },
    {
      "ROOT_BVD_ID_NUMBER": "17",
      "ROOT_NAME": "Atlantic: Pump & Geran"
    },
    {
      "ROOT_BVD_ID_NUMBER": "18",
      "ROOT_NAME": "Hydrosory Group"
    },
    {
      "ROOT_BVD_ID_NUMBER": "19",
      "ROOT_NAME": "Atlantic Group"
    },
    {
      "ROOT_BVD_ID_NUMBER": "20",
      "ROOT_NAME": "BCW Ltd"
    },
    {
      "ROOT_BVD_ID_NUMBER": "21",
      "ROOT_NAME": "Pumps Direct Ltd"
    },
    {
      "ROOT_BVD_ID_NUMBER": "22",
      "ROOT_NAME": "BCW Pumpulse Ltd"
    },
    {
      "ROOT_BVD_ID_NUMBER": "23",
      "ROOT_NAME": "DCS Headage Ltd"
    },
    {
      "ROOT_BVD_ID_NUMBER": "24",
      "ROOT_NAME": "HR Indiestial Fly Ltd"
    },
    {
      "ROOT_BVD_ID_NUMBER": "25",
      "ROOT_NAME": "Pack Dynamics Ltd"
    },
    {
      "ROOT_BVD_ID_NUMBER": "26",
      "ROOT_NAME": "AWW Flor Biter Lur"
    },
    {
      "ROOT_BVD_ID_NUMBER": "27",
      "ROOT_NAME": "Backell Engaide Grop"
    },
    {
      "ROOT_BVD_ID_NUMBER": "28",
      "ROOT_NAME": "Dackell Group Ltd"
    },
    {
      "ROOT_BVD_ID_NUMBER": "29",
      "ROOT_NAME": "HPumps Pry Rial"
    },
    {
      "ROOT_BVD_ID_NUMBER": "30",
      "ROOT_NAME": "Purngy Group Pry"
    },
    {
      "ROOT_BVD_ID_NUMBER": "31",
      "ROOT_NAME": "Windrill Group Ltd"
    },
    {
      "ROOT_BVD_ID_NUMBER": "32",
      "ROOT_NAME": "Director"
    }
  ],
  "Edges": [
    {
      "ParentBvDID": "GP",
      "ChildBvDID": "Workdry",
      "DirectPercentage": "100%"
    },
    {
      "ParentBvDID": "Workdry",
      "ChildBvDID": "Workdry Enterprise",
      "DirectPercentage": "100%"
    },
    {
      "ParentBvDID": "AFIF",
      "ChildBvDID": "Workdry Enterprise",
      "DirectPercentage": "520%"
    },
    {
      "ParentBvDID": "Magdalon Hspico",
      "ChildBvDID": "Workdry Ilowre",
      "DirectPercentage": "49%"
    },
    {
      "ParentBvDID": "Workdry Enterprise",
      "ChildBvDID": "Hanapline Sprie & Access",
      "DirectPercentage": ""
    },
    {
      "ParentBvDID": "Hanapline Sprie & Access",
      "ChildBvDID": "Setwood Hovco",
      "DirectPercentage": ""
    },
    {
      "ParentBvDID": "Setwood Hovco",
      "ChildBvDID": "Magdalon Alvico",
      "DirectPercentage": ""
    },
    {
      "ParentBvDID": "Magdalon Alvico",
      "ChildBvDID": "Atlantic Green ABS",
      "DirectPercentage": ""
    },
    {
      "ParentBvDID": "Magdalon Alvico",
      "ChildBvDID": "Enimei: Ween Dealon",
      "DirectPercentage": ""
    },
    {
      "ParentBvDID": "Magdalon Alvico",
      "ChildBvDID": "Pump Su plus OS",
      "DirectPercentage": ""
    },
    {
      "ParentBvDID": "Magdalon Alvico",
      "ChildBvDID": "Atlantic Pumps Bene BV",
      "DirectPercentage": ""
    },
    {
      "ParentBvDID": "Atlantic Green ABS",
      "ChildBvDID": "Atlantic: Bacoua BV",
      "DirectPercentage": ""
    },
    {
      "ParentBvDID": "Atlantic Green ABS",
      "ChildBvDID": "Atlantic: Flunts",
      "DirectPercentage": ""
    },
    {
      "ParentBvDID": "Atlantic Green ABS",
      "ChildBvDID": "Atlantic Green Design Dg.",
      "DirectPercentage": ""
    },
    {
      "ParentBvDID": "Atlantic: Bacoua BV",
      "ChildBvDID": "Hydrosory Group",
      "DirectPercentage": ""
    },
    {
      "ParentBvDID": "Atlantic: Bacoua BV",
      "ChildBvDID": "Atlantic Group",
      "DirectPercentage": ""
    },
    {
      "ParentBvDID": "Atlantic Group",
      "ChildBvDID": "BCW Ltd",
      "DirectPercentage": ""
    },
    {
      "ParentBvDID": "Atlantic Group",
      "ChildBvDID": "Pumps Direct Ltd",
      "DirectPercentage": ""
    },
    {
      "ParentBvDID": "Enimei: Ween Dealon",
      "ChildBvDID": "BCW Pumpulse Ltd",
      "DirectPercentage": ""
    },
    {
      "ParentBvDID": "Enimei: Ween Dealon",
      "ChildBvDID": "DCS Headage Ltd",
      "DirectPercentage": ""
    },
    {
      "ParentBvDID": "Enimei: Ween Dealon",
      "ChildBvDID": "HR Indiestial Fly Ltd",
      "DirectPercentage": ""
    },
    {
      "ParentBvDID": "Pump Su plus OS",
      "ChildBvDID": "Pack Dynamics Ltd",
      "DirectPercentage": ""
    },
    {
      "ParentBvDID": "Pump Su plus OS",
      "ChildBvDID": "AWW Flor Biter Lur",
      "DirectPercentage": ""
    },
    {
      "ParentBvDID": "Pump Su plus OS",
      "ChildBvDID": "Atlantic: Pump & Geran",
      "DirectPercentage": ""
    },
    {
      "ParentBvDID": "Atlantic Pumps Bene BV",
      "ChildBvDID": "Backell Engaide Grop",
      "DirectPercentage": ""
    },
    {
      "ParentBvDID": "Atlantic Pumps Bene BV",
      "ChildBvDID": "Dackell Group Ltd",
      "DirectPercentage": ""
    },
    {
      "ParentBvDID": "Atlantic Pumps Bene BV",
      "ChildBvDID": "HPumps Pry Rial",
      "DirectPercentage": ""
    },
    {
      "ParentBvDID": "Atlantic Pumps Bene BV",
      "ChildBvDID": "Pack Dynamics Ltd",
      "DirectPercentage": ""
    },
    {
      "ParentBvDID": "Atlantic Pumps Bene BV",
      "ChildBvDID": "Purngy Group Pry",
      "DirectPercentage": ""
    },
    {
      "ParentBvDID": "Atlantic Pumps Bene BV",
      "ChildBvDID": "Windrill Group Ltd",
      "DirectPercentage": ""
    },
    {
      "ParentBvDID": "Workdry",
      "ChildBvDID": "Director",
      "DirectPercentage": ""
    }
  ],
  "Summary": {
    "Total_Nodes": 32,
    "Total_Edges": 31
  }
}