{
  "entities": [
    {
      "name": "MR SILVIO BERLUSCONI",
      "type": "Person"
    },
    {
      "name": "HOLDING ITALIANA PRIMA S.p.A.",
      "type": "Company"
    },
    {
      "name": "HOLDING ITALIANA SECONDA S.p.A.",
      "type": "Company"
    },
    {
      "name": "HOLDING ITALIANA TERZA S.p.A.",
      "type": "Company"
    },
    {
      "name": "FININVEST S.p.A.",
      "type": "Company"
    },
    {
      "name": "MEDIASET S.p.A.",
      "type": "Company"
    }
  ],
  "relationships": [
    {
      "from": "MR SILVIO BERLUSCONI",
      "to": "HOLDING ITALIANA PRIMA S.p.A.",
      "ownership": "33.3%",
      "type": "ownership"
    },
    {
      "from": "MR SILVIO BERLUSCONI",
      "to": "HOLDING ITALIANA SECONDA S.p.A.",
      "ownership": "33.3%",
      "type": "ownership"
    },
    {
      "from": "MR SILVIO BERLUSCONI",
      "to": "HOLDING ITALIANA TERZA S.p.A.",
      "ownership": "33.3%",
      "type": "ownership"
    },
    {
      "from": "HOLDING ITALIANA PRIMA S.p.A.",
      "to": "FININVEST S.p.A.",
      "ownership": "\u2248 20%",
      "type": "ownership"
    },
    {
      "from": "HOLDING ITALIANA SECONDA S.p.A.",
      "to": "FININVEST S.p.A.",
      "ownership": "\u2248 40%",
      "type": "ownership"
    },
    {
      "from": "HOLDING ITALIANA TERZA S.p.A.",
      "to": "FININVEST S.p.A.",
      "ownership": "\u2248 100%",
      "type": "ownership"
    },
    {
      "from": "FININVEST S.p.A.",
      "to": "MEDIASET S.p.A.",
      "ownership": "\u2248 100%",
      "type": "ownership"
    }
  ],
  "total_entities": 6,
  "total_relationships": 7
}