{
  "entities": [
    {
      "name": "Eurocapa, S.A. Luxungo",
      "type": null
    },
    {
      "name": "Marianne Dupont",
      "type": null
    },
    {
      "name": "Odin Investms GmbH",
      "type": null
    },
    {
      "name": "Hans M\u00fcller",
      "type": null
    },
    {
      "name": "Andromeda SPC Cayman Islands",
      "type": null
    },
    {
      "name": "NorthSea Investments LLP",
      "type": null
    },
    {
      "name": "Thames Ventures SPV Ltd",
      "type": null
    },
    {
      "name": "BritLink Services Ltd",
      "type": null
    },
    {
      "name": "Thames GP Ltd UK",
      "type": null
    },
    {
      "name": "Crest Trustees Jersey UK",
      "type": null
    },
    {
      "name": "Emma Clarke UK",
      "type": null
    },
    {
      "name": "Lothian Capital Ltd UK",
      "type": null
    },
    {
      "name": "William Chen CK",
      "type": null
    },
    {
      "name": "Crest Trustees (Jersey)",
      "type": null
    },
    {
      "name": "BritLink Governanceust Trust",
      "type": null
    }
  ],
  "relationships": [
    {
      "from": "Eurocapa, S.A. Luxungo",
      "to": "NorthSea Investments LLP",
      "ownership": "30%",
      "type": "ownership"
    },
    {
      "from": "Marianne Dupont",
      "to": "NorthSea Investments LLP",
      "ownership": "22.0%",
      "type": "ownership"
    },
    {
      "from": "Odin Investms GmbH",
      "to": "Thames Ventures SPV Ltd",
      "ownership": "50%",
      "type": "ownership"
    },
    {
      "from": "Hans M\u00fcller",
      "to": "Thames Ventures SPV Ltd",
      "ownership": "55%",
      "type": "ownership"
    },
    {
      "from": "Andromeda SPC Cayman Islands",
      "to": "BritLink Services Ltd",
      "ownership": "30%",
      "type": "ownership"
    },
    {
      "from": "NorthSea Investments LLP",
      "to": "BritLink Services Ltd",
      "ownership": "22.0%",
      "type": "ownership"
    },
    {
      "from": "Thames Ventures SPV Ltd",
      "to": "Thames GP Ltd UK",
      "ownership": "18.0%",
      "type": "ownership"
    },
    {
      "from": "Thames GP Ltd UK",
      "to": "BritLink Services Ltd",
      "ownership": "18.0%",
      "type": "ownership"
    },
    {
      "from": "Thames GP Ltd UK",
      "to": "Crest Trustees Jersey UK",
      "ownership": "15.0%",
      "type": "ownership"
    },
    {
      "from": "BritLink Services Ltd",
      "to": "Lothian Capital Ltd UK",
      "ownership": "22.0%",
      "type": "ownership"
    },
    {
      "from": "BritLink Services Ltd",
      "to": "William Chen CK",
      "ownership": "22.0%",
      "type": "ownership"
    },
    {
      "from": "Crest Trustees Jersey UK",
      "to": "Emma Clarke UK",
      "ownership": "Control",
      "type": "control"
    },
    {
      "from": "Crest Trustees (Jersey)",
      "to": "BritLink Governanceust Trust",
      "ownership": "Golden",
      "type": "ownership"
    }
  ],
  "total_entities": 15,
  "total_relationships": 13
}