{
  "entities": [
    {
      "name": "GP",
      "type": "Entity"
    },
    {
      "name": "Workdry",
      "type": "Entity"
    },
    {
      "name": "Workdry Enterprise",
      "type": "Entity"
    },
    {
      "name": "AFIF",
      "type": "Entity"
    },
    {
      "name": "Magdalon Hspico",
      "type": "Entity"
    },
    {
      "name": "Workdry Ilowre",
      "type": "Entity"
    },
    {
      "name": "Hanapline Sprie & Access",
      "type": "Entity"
    },
    {
      "name": "Setwood Hovco",
      "type": "Entity"
    },
    {
      "name": "Magdalon Alvico",
      "type": "Entity"
    },
    {
      "name": "Atlantic Green ABS",
      "type": "Entity"
    },
    {
      "name": "Enimei: Ween Dealon",
      "type": "Entity"
    },
    {
      "name": "Pump Su plus OS",
      "type": "Entity"
    },
    {
      "name": "Atlantic Pumps Bene BV",
      "type": "Entity"
    },
    {
      "name": "Atlantic: Bacoua BV",
      "type": "Entity"
    },
    {
      "name": "Atlantic: Flunts",
      "type": "Entity"
    },
    {
      "name": "Atlantic Green Design Dg.",
      "type": "Entity"
    },
    {
      "name": "Atlantic: Pump & Geran",
      "type": "Entity"
    },
    {
      "name": "AWW Flor Biter Lur",
      "type": "Entity"
    },
    {
      "name": "Backell Engaide Grop",
      "type": "Entity"
    },
    {
      "name": "Dackell Group Ltd",
      "type": "Entity"
    },
    {
      "name": "HPumps Pry Rial",
      "type": "Entity"
    },
    {
      "name": "Pack Dynamics Ltd",
      "type": "Entity"
    },
    {
      "name": "Purngy Group Pry",
      "type": "Entity"
    },
    {
      "name": "Windrill Group Ltd",
      "type": "Entity"
    },
    {
      "name": "Hydrosory Group",
      "type": "Entity"
    },
    {
      "name": "Atlantic Group",
      "type": "Entity"
    },
    {
      "name": "BCW Ltd",
      "type": "Entity"
    },
    {
      "name": "Pumps Direct Ltd",
      "type": "Entity"
    },
    {
      "name": "BCW Pumpulse Ltd",
      "type": "Entity"
    },
    {
      "name": "DCS Headage Ltd",
      "type": "Entity"
    },
    {
      "name": "HR Indiestial Fly Ltd",
      "type": "Entity"
    },
    {
      "name": "Pack Dynamics Ltd",
      "type": "Entity"
    },
    {
      "name": "Director",
      "type": "Entity"
    }
  ],
  "relationships": [
    {
      "from": "GP",
      "to": "Workdry",
      "ownership": "100%",
      "type": "ownership"
    },
    {
      "from": "Workdry",
      "to": "Workdry Enterprise",
      "ownership": "100%",
      "type": "ownership"
    },
    {
      "from": "AFIF",
      "to": "Workdry Enterprise",
      "ownership": "520%",
      "type": "ownership"
    },
    {
      "from": "Magdalon Hspico",
      "to": "Workdry Ilowre",
      "ownership": "49%",
      "type": "ownership"
    },
    {
      "from": "Workdry Ilowre",
      "to": "Workdry Enterprise",
      "ownership": "ownership",
      "type": "ownership"
    },
    {
      "from": "Workdry Enterprise",
      "to": "Hanapline Sprie & Access",
      "ownership": "ownership",
      "type": "ownership"
    },
    {
      "from": "Hanapline Sprie & Access",
      "to": "Setwood Hovco",
      "ownership": "ownership",
      "type": "ownership"
    },
    {
      "from": "Setwood Hovco",
      "to": "Magdalon Alvico",
      "ownership": "ownership",
      "type": "ownership"
    },
    {
      "from": "Magdalon Alvico",
      "to": "Atlantic Green ABS",
      "ownership": "ownership",
      "type": "ownership"
    },
    {
      "from": "Magdalon Alvico",
      "to": "Enimei: Ween Dealon",
      "ownership": "ownership",
      "type": "ownership"
    },
    {
      "from": "Magdalon Alvico",
      "to": "Pump Su plus OS",
      "ownership": "ownership",
      "type": "ownership"
    },
    {
      "from": "Magdalon Alvico",
      "to": "Atlantic Pumps Bene BV",
      "ownership": "ownership",
      "type": "ownership"
    },
    {
      "from": "Atlantic Green ABS",
      "to": "Atlantic: Bacoua BV",
      "ownership": "ownership",
      "type": "ownership"
    },
    {
      "from": "Atlantic Green ABS",
      "to": "Atlantic: Flunts",
      "ownership": "ownership",
      "type": "ownership"
    },
    {
      "from": "Atlantic Green ABS",
      "to": "Atlantic Green Design Dg.",
      "ownership": "ownership",
      "type": "ownership"
    },
    {
      "from": "Atlantic: Bacoua BV",
      "to": "Hydrosory Group",
      "ownership": "ownership",
      "type": "ownership"
    },
    {
      "from": "Atlantic: Bacoua BV",
      "to": "Atlantic Group",
      "ownership": "ownership",
      "type": "ownership"
    },
    {
      "from": "Atlantic: Flunts",
      "to": "BCW Ltd",
      "ownership": "ownership",
      "type": "ownership"
    },
    {
      "from": "Atlantic: Flunts",
      "to": "Pumps Direct Ltd",
      "ownership": "ownership",
      "type": "ownership"
    },
    {
      "from": "Atlantic Green Design Dg.",
      "to": "BCW Pumpulse Ltd",
      "ownership": "ownership",
      "type": "ownership"
    },
    {
      "from": "Atlantic Green Design Dg.",
      "to": "DCS Headage Ltd",
      "ownership": "ownership",
      "type": "ownership"
    },
    {
      "from": "Atlantic Green Design Dg.",
      "to": "HR Indiestial Fly Ltd",
      "ownership": "ownership",
      "type": "ownership"
    },
    {
      "from": "Atlantic Green Design Dg.",
      "to": "Pack Dynamics Ltd",
      "ownership": "ownership",
      "type": "ownership"
    },
    {
      "from": "Pump Su plus OS",
      "to": "Atlantic: Pump & Geran",
      "ownership": "ownership",
      "type": "ownership"
    },
    {
      "from": "Atlantic: Pump & Geran",
      "to": "AWW Flor Biter Lur",
      "ownership": "ownership",
      "type": "ownership"
    },
    {
      "from": "Atlantic: Pump & Geran",
      "to": "Backell Engaide Grop",
      "ownership": "ownership",
      "type": "ownership"
    },
    {
      "from": "Atlantic: Pump & Geran",
      "to": "Dackell Group Ltd",
      "ownership": "ownership",
      "type": "ownership"
    },
    {
      "from": "Atlantic: Pump & Geran",
      "to": "HPumps Pry Rial",
      "ownership": "ownership",
      "type": "ownership"
    },
    {
      "from": "Atlantic: Pump & Geran",
      "to": "Pack Dynamics Ltd",
      "ownership": "ownership",
      "type": "ownership"
    },
    {
      "from": "Atlantic: Pump & Geran",
      "to": "Purngy Group Pry",
      "ownership": "ownership",
      "type": "ownership"
    },
    {
      "from": "Atlantic: Pump & Geran",
      "to": "Windrill Group Ltd",
      "ownership": "ownership",
      "type": "ownership"
    },
    {
      "from": "Director",
      "to": "Workdry",
      "ownership": "ownership",
      "type": "ownership"
    }
  ],
  "total_entities": 33,
  "total_relationships": 32
}