{
  "entities": [
    {
      "name": "MEDIASET S.P.A.",
      "type": "Company"
    },
    {
      "name": "RETI TELEVISIVE ITALIANE S.P.A. ED...",
      "type": "Company"
    },
    {
      "name": "MEDUSA FILM S.P.A.",
      "type": "Company"
    },
    {
      "name": "MONRADIO S.R.L.",
      "type": "Company"
    },
    {
      "name": "MEDIASET ESPA\u00d1A COMUNICACION, S.A.",
      "type": "Company"
    },
    {
      "name": "ADVERTISEMENT 4 ADVENTURE...",
      "type": "Company"
    },
    {
      "name": "PRODUCCION Y DISTRIBUCION...",
      "type": "Company"
    },
    {
      "name": "EI TOWERS S.P.A.",
      "type": "Company"
    },
    {
      "name": "NETTROTTER S.R.L.",
      "type": "Company"
    }
  ],
  "relationships": [
    {
      "from": "MEDIASET S.P.A.",
      "to": "RETI TELEVISIVE ITALIANE S.P.A. ED...",
      "ownership": "100%",
      "type": "ownership"
    },
    {
      "from": "MEDIASET S.P.A.",
      "to": "MEDIASET ESPA\u00d1A COMUNICACION, S.A.",
      "ownership": "57.73%",
      "type": "ownership"
    },
    {
      "from": "MEDIASET S.P.A.",
      "to": "EI TOWERS S.P.A.",
      "ownership": "40%",
      "type": "ownership"
    },
    {
      "from": "RETI TELEVISIVE ITALIANE S.P.A. ED...",
      "to": "MEDUSA FILM S.P.A.",
      "ownership": "100%",
      "type": "ownership"
    },
    {
      "from": "RETI TELEVISIVE ITALIANE S.P.A. ED...",
      "to": "MONRADIO S.R.L.",
      "ownership": "99%",
      "type": "ownership"
    },
    {
      "from": "MEDIASET ESPA\u00d1A COMUNICACION, S.A.",
      "to": "ADVERTISEMENT 4 ADVENTURE...",
      "ownership": "100%",
      "type": "ownership"
    },
    {
      "from": "MEDIASET ESPA\u00d1A COMUNICACION, S.A.",
      "to": "PRODUCCION Y DISTRIBUCION...",
      "ownership": "100%",
      "type": "ownership"
    },
    {
      "from": "EI TOWERS S.P.A.",
      "to": "NETTROTTER S.R.L.",
      "ownership": "99%",
      "type": "ownership"
    }
  ],
  "total_entities": 9,
  "total_relationships": 8
}