{
  "entities": [
    {
      "name": "NINA SOCIETA' SEMPLICE",
      "type": "Entity"
    },
    {
      "name": "FRIDA SOCIETA' SEMPLICE",
      "type": "Entity"
    },
    {
      "name": "ARNALDA SOCIETA' SEMPLICE",
      "type": "Entity"
    },
    {
      "name": "MRS FRANCESCA GIUBERGIA",
      "type": "Individual"
    },
    {
      "name": "MR GIACOMO GIUBERGIA",
      "type": "Individual"
    }
  ],
  "relationships": [
    {
      "from": "NINA SOCIETA' SEMPLICE",
      "to": "ARNALDA SOCIETA' SEMPLICE",
      "ownership": "0.63%",
      "type": "ownership"
    },
    {
      "from": "NINA SOCIETA' SEMPLICE",
      "to": "FRIDA SOCIETA' SEMPLICE",
      "ownership": "10.00%",
      "type": "ownership"
    },
    {
      "from": "ARNALDA SOCIETA' SEMPLICE",
      "to": "MRS FRANCESCA GIUBERGIA",
      "ownership": "0.25%",
      "type": "ownership"
    },
    {
      "from": "FRIDA SOCIETA' SEMPLICE",
      "to": "MRS FRANCESCA GIUBERGIA",
      "ownership": "1.00%",
      "type": "ownership"
    },
    {
      "from": "MRS FRANCESCA GIUBERGIA",
      "to": "MR GIACOMO GIUBERGIA",
      "ownership": "0.08%",
      "type": "ownership"
    }
  ],
  "total_entities": 5,
  "total_relationships": 5
}